[
{
  "model": "app.prayerrequest",
  "pk": 2,
  "fields": {
    "datetime": "2024-12-13T15:58:09.357Z",
    "user": 2,
    "content": "Lorem ipsum odor amet, consectetuer adipiscing elit. Per cubilia malesuada at nec ultricies non finibus. Dapibus suspendisse cras feugiat luctus, cras nascetur massa etiam bibendum. Phasellus posuere morbi et id lobortis tortor. Pulvinar erat a faucibus metus aptent libero. Nostra sem diam morbi dapibus ridiculus molestie. Euismod sapien eget torquent cubilia etiam malesuada tortor. Porta facilisis vestibulum libero lobortis vehicula. Egestas orci hendrerit et primis hac. Nisl ligula odio quisque et at lacus.",
    "answered": false
  }
},
{
  "model": "app.prayerrequest",
  "pk": 3,
  "fields": {
    "datetime": "2024-12-13T15:58:42.907Z",
    "user": 2,
    "content": "Lorem ipsum odor amet, consectetuer adipiscing elit. Condimentum nullam scelerisque nascetur semper porta praesent id aptent. Fames duis mauris feugiat ultricies tincidunt placerat. Mi facilisis class vestibulum porta ac condimentum malesuada inceptos. Maximus rhoncus lorem; proin iaculis nunc cursus ultricies volutpat. Vulputate ornare fermentum risus finibus lacus dui. Semper aliquet proin amet tempor quam vulputate habitasse imperdiet augue. Ex ultrices elit molestie ex sollicitudin risus placerat rhoncus. Ullamcorper a dis magnis quisque hac facilisi consectetur? Non vitae tempus dui torquent aptent phasellus dolor ut quis.\r\n\r\nAt dictum blandit at sit semper. Nunc turpis integer habitant parturient enim feugiat. Torquent vehicula himenaeos dui est; sit massa elementum arcu. Fusce magna justo per mi dolor. Litora accumsan ultrices commodo id bibendum; eu aliquet auctor. Ad euismod lectus inceptos ipsum est duis. Fringilla gravida quis aenean congue ut dignissim gravida. Varius gravida ante fames ridiculus convallis sagittis.",
    "answered": false
  }
},
{
  "model": "app.prayerrequest",
  "pk": 4,
  "fields": {
    "datetime": "2024-12-13T15:58:57.296Z",
    "user": 2,
    "content": "Lorem ipsum odor amet, consectetuer adipiscing elit. Penatibus metus ut dignissim egestas tortor morbi sodales turpis. Cubilia tristique tellus montes; integer felis nulla nisl. Egestas nulla maecenas duis feugiat blandit, platea fermentum placerat at. Orci facilisi rhoncus lacinia urna dictumst parturient. Imperdiet proin pretium faucibus non netus.",
    "answered": false
  }
},
{
  "model": "app.prayerrequest",
  "pk": 5,
  "fields": {
    "datetime": "2024-12-13T15:59:59.266Z",
    "user": 2,
    "content": "Lorem ipsum odor amet, consectetuer adipiscing elit. Efficitur aliquam placerat suspendisse dolor facilisis mattis. Eros hac in massa urna potenti eleifend blandit ligula platea. Vivamus vitae varius risus nascetur aliquam. Egestas erat curabitur per accumsan natoque mus rhoncus. Non ex per risus, nostra rutrum maximus porttitor. Maximus metus dignissim congue nisl; integer vestibulum nulla finibus. Orci vel nibh lobortis mauris nostra dictum.",
    "answered": false
  }
},
{
  "model": "app.prayerrequest",
  "pk": 6,
  "fields": {
    "datetime": "2024-12-13T16:00:15.884Z",
    "user": 2,
    "content": "Lorem ipsum odor amet, consectetuer adipiscing elit. Fringilla maecenas eleifend vulputate scelerisque tincidunt etiam vivamus semper. Felis vel erat maximus turpis molestie; maximus velit ex iaculis. Fringilla est cursus varius tellus dolor parturient fermentum nascetur mus. Blandit suspendisse mi duis curae congue varius nunc laoreet sollicitudin. Duis primis augue sagittis condimentum porta. Quis conubia primis porttitor dui dolor nam aliquet blandit posuere. Purus in tempor laoreet aliquet vitae conubia mi risus. Tincidunt elementum class ullamcorper curabitur hendrerit sollicitudin nec suspendisse. Mi a quis interdum pulvinar amet rhoncus.\r\n\r\nLorem tempor scelerisque augue; taciti cursus et. Mollis massa facilisi proin arcu, morbi semper etiam. Venenatis curae aliquet felis aptent euismod lacinia. Sagittis lectus faucibus magnis non sapien maximus maecenas felis. Sollicitudin fermentum suspendisse vivamus lobortis nam vehicula taciti tristique viverra. Ullamcorper massa ut maximus; tristique suscipit senectus hac. Tortor lacus libero odio dis consectetur duis euismod. Tellus natoque ac mollis; vivamus erat cubilia arcu diam.",
    "answered": false
  }
},
{
  "model": "app.prayerrequest",
  "pk": 7,
  "fields": {
    "datetime": "2024-12-13T16:02:11.894Z",
    "user": 2,
    "content": "Lorem ipsum odor amet, consectetuer adipiscing elit. Natoque torquent cubilia gravida inceptos cras curabitur lectus. Luctus primis diam amet nascetur; himenaeos felis diam mollis morbi. Dapibus duis taciti aptent nostra nisi. Eu vitae finibus magna euismod auctor arcu tempor bibendum quisque. Amet parturient quisque vestibulum ac nascetur congue lacinia. Turpis praesent porta praesent aliquet dapibus dolor natoque tempus. Curae magna tellus feugiat sit nisi. Avolutpat laoreet sodales curae vel tristique!",
    "answered": true
  }
},
{
  "model": "app.prayerrequest",
  "pk": 8,
  "fields": {
    "datetime": "2024-12-13T16:02:41.745Z",
    "user": 2,
    "content": "Lorem ipsum odor amet, consectetuer adipiscing elit. Fusce nostra velit felis hendrerit a iaculis. Congue donec lobortis potenti mauris ex euismod. Phasellus nunc turpis interdum ipsum eleifend. Adipiscing nullam eleifend ac tempor nostra dolor iaculis nascetur. Hendrerit ex arcu tristique nibh et porttitor. Maximus cubilia fringilla donec quam turpis.\r\n\r\nAt pellentesque suspendisse imperdiet, suspendisse ridiculus aliquam suspendisse etiam. Dui augue adipiscing vulputate mattis netus hendrerit ipsum ante. Aliquet dui torquent egestas vulputate habitant habitasse. Blandit ante accumsan; torquent imperdiet eu lacus nulla dis et. Euismod vulputate interdum montes, finibus dis parturient fringilla. Platea nisl potenti integer dolor tincidunt vulputate leo. Etiam curabitur facilisis pulvinar non litora fames ipsum.",
    "answered": false
  }
},
{
  "model": "app.prayerrequest",
  "pk": 9,
  "fields": {
    "datetime": "2024-12-13T16:03:46.367Z",
    "user": 2,
    "content": "Lorem ipsum odor amet, consectetuer adipiscing elit. Molestie pulvinar laoreet parturient potenti accumsan sapien ultrices sollicitudin. Euismod pretium bibendum vitae a consectetur metus euismod auctor. Duis dictum nisl et, risus nec mi duis cursus. Nisi finibus ultricies habitant aptent netus ex. Eu nostra facilisi pharetra lacinia rutrum! Vehicula natoque tempus praesent conubia vestibulum venenatis. Id vel interdum proin eget mauris phasellus neque consequat. Varius mi torquent rutrum ultrices mattis; euismod imperdiet odio.\r\n\r\nErat elit amet sit maximus, nisi porttitor molestie felis suspendisse. Taciti viverra mauris sed metus ac eu dolor. Tellus massa feugiat purus ullamcorper fringilla venenatis condimentum? Tristique mollis odio vitae maecenas pellentesque himenaeos. Finibus integer est finibus euismod commodo egestas class proin. Eget velit etiam habitasse interdum laoreet rhoncus habitant commodo dui. Turpis ad pharetra iaculis elit fringilla. Imperdiet fringilla habitasse auctor ad luctus, vel mollis.\r\n\r\nAd quis blandit habitant volutpat eleifend a suspendisse. Rutrum nibh sit ullamcorper, iaculis morbi leo. Felis volutpat ultricies nascetur eu accumsan. Quam bibendum dis leo litora, erat blandit. Arcu commodo facilisi accumsan penatibus posuere convallis duis. Leo ridiculus velit dui molestie quisque, montes lectus pretium. Praesent dolor fames, consectetur netus dis est. Lobortis ad eget habitant vulputate maecenas potenti. Magnis ac malesuada egestas auctor, in lectus parturient.",
    "answered": false
  }
},
{
  "model": "app.prayerrequest",
  "pk": 10,
  "fields": {
    "datetime": "2024-12-13T16:04:14.908Z",
    "user": 2,
    "content": "Lorem ipsum odor amet, consectetuer adipiscing elit. Conubia risus tempor viverra metus integer dignissim sollicitudin lorem. Ullamcorper auctor senectus accumsan dis ullamcorper lectus purus litora tincidunt! Ullamcorper lacinia auctor turpis convallis primis natoque. Netus efficitur erat rutrum facilisi; posuere iaculis. Penatibus mollis quis curabitur magnis eu cubilia. Enim tristique potenti cras integer viverra odio velit feugiat rhoncus.",
    "answered": false
  }
},
{
  "model": "app.prayerrequest",
  "pk": 11,
  "fields": {
    "datetime": "2024-12-13T16:04:26.454Z",
    "user": 2,
    "content": "Lorem ipsum odor amet, consectetuer adipiscing elit. Montes pulvinar porttitor lacus augue nascetur curabitur. Vestibulum id nunc mollis; class libero nec. Quisque maximus quis; fames massa platea dapibus inceptos. At ligula habitasse faucibus feugiat cursus pharetra. Hac venenatis mus tellus justo aptent sem ut vel nostra. Odio dui id at arcu tortor tristique maecenas. Sed interdum tristique potenti tincidunt nullam; ad nisl cubilia.",
    "answered": true
  }
},
{
  "model": "app.prayerrequest",
  "pk": 12,
  "fields": {
    "datetime": "2024-12-13T16:04:37.308Z",
    "user": 2,
    "content": "Lorem ipsum odor amet, consectetuer adipiscing elit. Aliquet ultricies orci libero ut amet aliquet consequat himenaeos. Porta morbi sem penatibus congue vitae vivamus maximus. Placerat montes nibh inceptos nisi eros vel potenti nec. Habitant sodales taciti est vestibulum aliquam ridiculus. Eu nec cubilia proin metus, placerat mauris per turpis? Commodo efficitur eu suscipit posuere tellus. Sociosqu dis malesuada imperdiet platea mattis nostra et. Proin ultricies quis urna class conubia convallis gravida varius.",
    "answered": true
  }
},
{
  "model": "app.prayerrequest",
  "pk": 13,
  "fields": {
    "datetime": "2024-12-13T16:05:28.560Z",
    "user": 2,
    "content": "Lorem ipsum odor amet, consectetuer adipiscing elit. Eu luctus orci nullam dapibus auctor sollicitudin metus inceptos. Dignissim primis ultricies netus conubia finibus placerat fames. Non euismod nunc quis sodales venenatis faucibus interdum. Pulvinar adipiscing faucibus lectus, habitasse arcu finibus blandit maecenas. Scelerisque elementum ex neque dictum nostra vivamus mauris; sociosqu laoreet. Elit curabitur parturient vel augue eget porta pretium. Dui himenaeos inceptos purus suscipit fringilla pharetra? Tincidunt maecenas condimentum aenean vehicula tellus lacinia.\r\n\r\nElementum parturient nec sapien quis conubia nostra odio vel. Ac et eleifend ex, primis viverra ullamcorper justo. Elit etiam est volutpat parturient at nam. Integer habitant duis volutpat morbi dapibus placerat. Venenatis rhoncus placerat ullamcorper commodo torquent fringilla duis metus. Fames primis habitasse nisi suscipit vestibulum turpis facilisis ut. Semper senectus finibus ornare sagittis orci netus. Laoreet tempus primis tincidunt nascetur habitasse. Commodo molestie iaculis accumsan montes arcu proin et finibus. Id porta consequat ligula tempus phasellus gravida tortor.",
    "answered": false
  }
},
{
  "model": "app.prayerrequest",
  "pk": 14,
  "fields": {
    "datetime": "2024-12-13T16:05:40.292Z",
    "user": 2,
    "content": "Lorem ipsum odor amet, consectetuer adipiscing elit. Torquent turpis phasellus ac vestibulum tortor dui aliquet finibus bibendum. Dictumst molestie habitasse sodales semper non penatibus. Pretium ipsum quam interdum hac varius in pharetra sollicitudin. Viverra nisl fames sapien aliquet vestibulum fringilla ridiculus. Interdum quam eu sit natoque accumsan suscipit ipsum dictumst auctor. Parturient ridiculus eget ridiculus pulvinar sollicitudin.",
    "answered": true
  }
},
{
  "model": "app.prayerrequest",
  "pk": 15,
  "fields": {
    "datetime": "2024-12-13T16:06:41.188Z",
    "user": 2,
    "content": "Lorem ipsum odor amet, consectetuer adipiscing elit. Scelerisque magnis scelerisque tristique fusce aliquam tempus. Consequat ridiculus rhoncus egestas dapibus augue, sollicitudin sodales etiam. Enim natoque proin venenatis maecenas aliquam risus. Fusce turpis orci tristique porttitor, neque sem mi. Rutrum sagittis dui pharetra cubilia tellus vivamus imperdiet in. Mus pellentesque tristique sollicitudin nibh molestie dignissim ipsum dapibus sit. Nascetur mus nulla id quam mattis augue, quisque parturient. Cursus curae nec varius nascetur diam commodo rutrum.",
    "answered": true
  }
},
{
  "model": "app.prayerrequest",
  "pk": 16,
  "fields": {
    "datetime": "2024-12-13T16:06:55.308Z",
    "user": 2,
    "content": "Lorem ipsum odor amet, consectetuer adipiscing elit. Varius suscipit efficitur fusce molestie aenean pulvinar odio facilisi eget? Eleifend faucibus dis sollicitudin varius fringilla congue hendrerit proin. Congue maecenas ligula cubilia sit sodales duis. Elementum malesuada aliquam blandit ad ante massa. Efficitur curae natoque natoque natoque nascetur montes natoque mollis. Mauris lorem vel proin molestie imperdiet sapien. Ultrices class rhoncus fusce dapibus mattis mi commodo maximus vehicula. Diam metus amet euismod ultrices ipsum sed auctor ultrices.\r\n\r\nOdio adipiscing duis proin aliquet amet. Conubia et aliquam maximus aenean sociosqu; condimentum penatibus malesuada nam. Accumsan montes praesent non proin congue cursus magnis laoreet. Finibus metus in diam nisl adipiscing mollis volutpat conubia. Erat litora posuere et arcu, lectus penatibus interdum ullamcorper nisl? Cubilia risus fusce aliquet ante, lectus nam ornare. Praesent id facilisis, commodo metus vel viverra.\r\n\r\nFermentum nam tellus magna aenean varius ornare aptent. Mattis luctus ultricies ante risus finibus. Hac ultrices nostra, sit at gravida ornare primis. Adipiscing maecenas torquent non hendrerit in laoreet viverra vehicula dolor. Mauris curae tincidunt eu molestie ac gravida. Litora felis maecenas vulputate ex sociosqu. Hendrerit risus facilisis ullamcorper leo; fames dis fermentum. Enim viverra vulputate nulla nam phasellus ultrices tortor commodo dolor. Feugiat aliquet himenaeos lacinia augue inceptos non. Ad risus feugiat ultrices maecenas id lacus bibendum ornare.",
    "answered": false
  }
},
{
  "model": "app.prayerrequest",
  "pk": 17,
  "fields": {
    "datetime": "2024-12-13T16:07:06.729Z",
    "user": 2,
    "content": "Lorem ipsum odor amet, consectetuer adipiscing elit. Suscipit vivamus accumsan pulvinar mus adipiscing erat nam. Scelerisque penatibus aliquam tortor pretium integer arcu est finibus. Suspendisse efficitur inceptos et dolor facilisis cras quisque. Facilisis porta enim; blandit feugiat non turpis elit ipsum. Senectus at suscipit metus aptent leo elementum laoreet. Condimentum turpis venenatis morbi et suscipit maximus maximus ullamcorper.\r\n\r\nParturient posuere leo luctus netus, pretium mi egestas cursus. Himenaeos nascetur mollis ridiculus class class est. Blandit augue imperdiet; ut nisl eleifend quam volutpat a. Molestie libero diam ultricies; aenean congue placerat vivamus velit. Sagittis nostra suspendisse ex odio cubilia dolor montes at a. Tempor massa enim taciti scelerisque, consequat aptent duis ac? Efficitur viverra velit neque quis ornare condimentum.",
    "answered": true
  }
},
{
  "model": "app.prayerrequest",
  "pk": 18,
  "fields": {
    "datetime": "2024-12-13T16:10:16.279Z",
    "user": 3,
    "content": "Lorem ipsum odor amet, consectetuer adipiscing elit. Proin felis lorem nostra congue leo gravida scelerisque. Eros pretium lorem eros sed commodo potenti. Molestie congue conubia maecenas tempor sed ut phasellus mollis. Curae natoque accumsan finibus ornare libero diam. Suscipit nec ligula facilisi hendrerit egestas torquent nostra. Duis aliquet purus nibh quam arcu condimentum adipiscing. Orci massa vel sodales nisl dignissim, luctus pretium pellentesque. Fermentum suscipit tellus orci, nam nostra sociosqu praesent eget.",
    "answered": false
  }
},
{
  "model": "app.prayerrequest",
  "pk": 19,
  "fields": {
    "datetime": "2024-12-14T18:38:17.137Z",
    "user": 3,
    "content": "Lorem ipsum odor amet, consectetuer adipiscing elit. Leo ex massa mollis venenatis tortor. Augue consequat class eros eros aliquet mi. Aenean nec taciti habitasse auctor netus. Curae ac venenatis pharetra quisque himenaeos sollicitudin integer venenatis. Tincidunt venenatis odio senectus mus ac nostra eros. Tortor magnis consectetur lobortis dignissim quis congue vel quam. Ultricies duis id praesent malesuada suscipit, suspendisse risus.\r\n\r\nElementum sodales praesent senectus tellus curae ut. Nascetur odio cursus rhoncus lacinia, primis dictum erat congue. Himenaeos aenean convallis imperdiet rutrum fermentum. Ultricies adipiscing semper pulvinar habitasse enim ac odio. Ad turpis ligula faucibus elit quisque molestie. Dolor id bibendum netus habitant natoque integer. Scelerisque fermentum efficitur tempus massa pellentesque duis imperdiet aliquet. Cubilia id aenean efficitur enim ex. Aenean fermentum nunc senectus congue lorem. Sapien finibus elit vivamus in sagittis donec.\r\n\r\nScelerisque lacus euismod orci senectus tempor magnis. Quisque maecenas aliquam tempus metus nisl montes eu. Morbi interdum habitant dolor sapien tortor. Blandit augue mi elit torquent cras mauris pulvinar dui nam. Purus non habitasse odio sem imperdiet mauris quam nulla. Vulputate elit consectetur finibus elit urna placerat eget.",
    "answered": false
  }
},
{
  "model": "app.prayerrequest",
  "pk": 20,
  "fields": {
    "datetime": "2024-12-14T18:38:31.226Z",
    "user": 3,
    "content": "Lorem ipsum odor amet, consectetuer adipiscing elit. Feugiat aliquam fusce sodales, nullam penatibus parturient ut. Ipsum litora donec molestie vivamus euismod euismod porttitor malesuada luctus. Pretium non magnis primis quis lacus. Nascetur metus felis imperdiet mus iaculis a fames. Id erat varius tellus rutrum libero pellentesque arcu. Vitae proin habitasse dolor hendrerit dapibus facilisi etiam primis cursus. Ante condimentum ut nulla sodales a phasellus ligula. Finibus dapibus mauris parturient facilisis elit nulla. Aliquam accumsan facilisi auctor; senectus in dolor proin augue.\r\n\r\nJusto curabitur pulvinar efficitur eleifend efficitur felis. Erat elit iaculis tempor porta suspendisse. Varius tortor purus vestibulum nibh quis suspendisse a hendrerit scelerisque. Suscipit himenaeos fusce maecenas accumsan rutrum tincidunt venenatis luctus. Risus habitant ullamcorper praesent habitant lectus. Placerat leo aliquam felis sollicitudin condimentum facilisi felis. Elit magna fusce, et penatibus litora blandit odio gravida ligula. Nisl ornare posuere elit congue eleifend orci vulputate. Tortor aptent luctus litora dignissim pellentesque fermentum dui curabitur.",
    "answered": false
  }
},
{
  "model": "app.prayerrequest",
  "pk": 21,
  "fields": {
    "datetime": "2024-12-14T18:38:41.977Z",
    "user": 3,
    "content": "Lorem ipsum odor amet, consectetuer adipiscing elit. Montes sem etiam habitasse neque malesuada nisl. Fermentum semper suspendisse magna penatibus dictum efficitur senectus urna odio? Urna arcu potenti arcu non efficitur phasellus montes. Facilisi lorem porttitor porta eu etiam donec fusce. Est dictum erat placerat praesent; congue lobortis senectus imperdiet. Urna proin penatibus potenti semper ante convallis volutpat.",
    "answered": false
  }
},
{
  "model": "app.prayerrequest",
  "pk": 22,
  "fields": {
    "datetime": "2024-12-14T18:40:06.588Z",
    "user": 2,
    "content": "Lorem ipsum odor amet, consectetuer adipiscing elit. Aliquam hac integer eleifend natoque placerat nunc luctus. Facilisi conubia etiam egestas augue consectetur. Himenaeos sem lobortis habitasse, dolor sit integer. Adipiscing class aliquam venenatis bibendum magna vivamus. Facilisi class donec massa tellus posuere efficitur amet. Himenaeos odio mollis aliquam vitae sed; inceptos maecenas.",
    "answered": true
  }
},
{
  "model": "app.prayerrequest",
  "pk": 23,
  "fields": {
    "datetime": "2024-12-14T18:40:19.347Z",
    "user": 2,
    "content": "Lorem ipsum odor amet, consectetuer adipiscing elit. Egestas etiam adipiscing tempus aenean iaculis maximus risus eu lectus. Mollis ultricies litora porttitor justo adipiscing neque. Praesent vulputate eu dictum nec tellus. Enim nulla hac imperdiet purus est magna dapibus himenaeos. Ad velit pulvinar metus vitae nullam. Conubia maximus cubilia aenean eget hac.\r\n\r\nAenean ante taciti aliquet dui dui mi dolor. Scelerisque faucibus feugiat dui nulla fringilla risus. Vel aliquet aenean habitasse; facilisis sit rutrum integer. Mi eleifend ullamcorper fermentum sem fermentum platea, senectus elementum. Netus habitasse purus in fames potenti ligula tristique. Nisi viverra arcu dis iaculis massa massa aliquam pharetra efficitur. Justo suscipit enim sed; phasellus urna diam consequat nulla. Iaculis pretium tempor tempus, primis vivamus per. Accumsan vulputate et praesent cubilia nascetur finibus.",
    "answered": false
  }
},
{
  "model": "app.prayerrequest",
  "pk": 24,
  "fields": {
    "datetime": "2024-12-14T18:53:29.867Z",
    "user": 2,
    "content": "Lorem ipsum odor amet, consectetuer adipiscing elit. Praesent natoque pretium pretium pellentesque aptent fringilla tellus. Mus hac class sociosqu netus conubia suspendisse tempor iaculis. Aliquam fringilla libero cras neque at quisque? Penatibus semper suscipit; torquent ultrices pretium sapien. Faucibus semper nunc class, tristique montes euismod eget. Natoque facilisi dis laoreet litora eleifend consectetur luctus aliquam. Mi ultricies risus curabitur, nibh nascetur facilisis curae.",
    "answered": false
  }
},
{
  "model": "app.groupprayermanager",
  "pk": 2,
  "fields": {
    "prayer_request": 3,
    "group": 1
  }
},
{
  "model": "app.groupprayermanager",
  "pk": 3,
  "fields": {
    "prayer_request": 6,
    "group": 1
  }
},
{
  "model": "app.groupprayermanager",
  "pk": 4,
  "fields": {
    "prayer_request": 7,
    "group": 2
  }
},
{
  "model": "app.groupprayermanager",
  "pk": 5,
  "fields": {
    "prayer_request": 8,
    "group": 2
  }
},
{
  "model": "app.groupprayermanager",
  "pk": 6,
  "fields": {
    "prayer_request": 8,
    "group": 3
  }
},
{
  "model": "app.groupprayermanager",
  "pk": 7,
  "fields": {
    "prayer_request": 9,
    "group": 4
  }
},
{
  "model": "app.groupprayermanager",
  "pk": 8,
  "fields": {
    "prayer_request": 9,
    "group": 5
  }
},
{
  "model": "app.groupprayermanager",
  "pk": 9,
  "fields": {
    "prayer_request": 10,
    "group": 3
  }
},
{
  "model": "app.groupprayermanager",
  "pk": 10,
  "fields": {
    "prayer_request": 11,
    "group": 4
  }
},
{
  "model": "app.groupprayermanager",
  "pk": 11,
  "fields": {
    "prayer_request": 12,
    "group": 5
  }
},
{
  "model": "app.groupprayermanager",
  "pk": 12,
  "fields": {
    "prayer_request": 13,
    "group": 2
  }
},
{
  "model": "app.groupprayermanager",
  "pk": 13,
  "fields": {
    "prayer_request": 14,
    "group": 2
  }
},
{
  "model": "app.groupprayermanager",
  "pk": 14,
  "fields": {
    "prayer_request": 18,
    "group": 1
  }
},
{
  "model": "app.groupprayermanager",
  "pk": 15,
  "fields": {
    "prayer_request": 19,
    "group": 1
  }
},
{
  "model": "app.groupprayermanager",
  "pk": 16,
  "fields": {
    "prayer_request": 21,
    "group": 1
  }
},
{
  "model": "app.answeredprayer",
  "pk": 1,
  "fields": {
    "datetime": "2024-12-13T16:07:48.918Z",
    "prayer_request": 15,
    "content": "Lorem ipsum odor amet, consectetuer adipiscing elit. Dis aenean congue ante lectus imperdiet ridiculus. Viverra blandit aliquet dignissim sociosqu aliquam class sapien elementum. Ornare cras lacus ut primis interdum, id dignissim. Dui pulvinar consequat porttitor mi turpis metus ornare. Ligula lacus fames ultricies ac aptent ante fermentum. Magna vel sagittis felis per sollicitudin ac vel eget. Sollicitudin vitae eu lacinia penatibus velit."
  }
},
{
  "model": "app.answeredprayer",
  "pk": 2,
  "fields": {
    "datetime": "2024-12-13T16:08:03.009Z",
    "prayer_request": 17,
    "content": "Lorem ipsum odor amet, consectetuer adipiscing elit. Ipsum per euismod nullam ultrices semper volutpat. Risus class montes posuere, cubilia tincidunt sed litora. Dignissim facilisis feugiat quis dapibus finibus leo quisque scelerisque cubilia? Tortor tristique netus nunc felis convallis iaculis nascetur gravida. Tempor nunc mollis ridiculus pellentesque feugiat tellus lacus suspendisse. At ligula ultrices aenean rhoncus proin non accumsan rutrum cursus. Ultrices fringilla adipiscing praesent quis orci iaculis vulputate. Magnis felis ipsum luctus volutpat gravida elit nostra. Sapien porttitor integer hendrerit felis neque diam."
  }
},
{
  "model": "app.answeredprayer",
  "pk": 3,
  "fields": {
    "datetime": "2024-12-13T16:45:42.249Z",
    "prayer_request": 14,
    "content": "Lorem ipsum odor amet, consectetuer adipiscing elit. Mollis velit enim litora sodales praesent litora montes. Ultricies malesuada diam ut ante metus. Quisque malesuada maecenas montes commodo mauris cubilia semper. Natoque egestas interdum tellus convallis hendrerit duis magnis. Magnis dictum suscipit aenean adipiscing fusce.\r\n\r\nIpsum fusce augue molestie dignissim integer fames. Fermentum velit dis risus eget maximus amet convallis et. Pretium consequat vehicula vehicula himenaeos; placerat massa. Etiam nisl justo commodo pharetra eleifend vestibulum blandit elit. Eu proin habitasse justo aliquet duis maximus habitant habitasse. Tellus urna proin nullam; parturient lobortis in. Libero blandit ligula eleifend eleifend ex habitant. Nunc fringilla neque eget dignissim dis tortor donec. Orci fusce metus condimentum sociosqu ridiculus habitant sagittis integer."
  }
},
{
  "model": "app.answeredprayer",
  "pk": 4,
  "fields": {
    "datetime": "2024-12-14T18:40:43.579Z",
    "prayer_request": 12,
    "content": "Lorem ipsum odor amet, consectetuer adipiscing elit. Facilisis platea fringilla massa orci a vestibulum aptent ante efficitur. Felis finibus id platea class interdum natoque cras accumsan. Dui diam dis aenean ullamcorper enim nullam. Ornare arcu hac purus lacinia commodo ut. Elit tellus nostra efficitur vulputate felis taciti montes. Amet nascetur bibendum a; turpis pharetra sem. Sapien ex non risus auctor ipsum est dictumst.\r\n\r\nDiam convallis duis posuere eleifend vitae massa quam per. Faucibus class aenean lacinia aliquet ac interdum magna elit. Morbi scelerisque risus commodo mus magna molestie commodo. Blandit congue habitasse phasellus erat etiam, nam ullamcorper. Ullamcorper consequat aptent ex malesuada ad himenaeos. Ipsum consequat praesent amet iaculis dui potenti? Convallis euismod eget conubia eu mi; nostra torquent imperdiet."
  }
},
{
  "model": "app.answeredprayer",
  "pk": 5,
  "fields": {
    "datetime": "2024-12-14T18:54:20.962Z",
    "prayer_request": 22,
    "content": "Lorem ipsum odor amet, consectetuer adipiscing elit. Facilisis hac felis efficitur suspendisse posuere quisque. Faucibus interdum proin ex sapien dolor. Lectus viverra rutrum interdum ullamcorper quam suspendisse hendrerit efficitur. Ex finibus mattis iaculis pharetra tellus tempor, gravida odio ex. Natoque interdum vitae mi consequat eu bibendum."
  }
},
{
  "model": "app.answeredprayer",
  "pk": 6,
  "fields": {
    "datetime": "2024-12-14T18:54:55.155Z",
    "prayer_request": 11,
    "content": "Lorem ipsum odor amet, consectetuer adipiscing elit. Efficitur leo torquent sem penatibus aenean potenti. Platea eros adipiscing platea eleifend, class torquent imperdiet ad. Rutrum nibh imperdiet fringilla aliquet proin praesent. Massa elementum potenti; porta dis lacinia eu. Risus feugiat tincidunt nascetur ipsum elementum risus quam facilisis. Faucibus dignissim donec litora in tincidunt id mi cursus. Dolor tellus pretium iaculis natoque at penatibus orci.\r\n\r\nEuismod purus aliquam etiam suspendisse maecenas venenatis. Torquent elementum primis blandit laoreet sapien ultrices tempor. Nunc erat dignissim placerat ac sem mi praesent nostra. Luctus finibus taciti libero amet facilisi fusce fermentum. Turpis faucibus dolor ipsum torquent magna dictumst ornare. Facilisis odio habitasse pulvinar integer sit. Iaculis habitasse cubilia ex, magna nostra praesent. Vehicula eleifend dapibus nisi eu cursus eget ligula ex tellus? At leo eu aliquet platea sit dignissim metus semper."
  }
},
{
  "model": "app.answeredprayer",
  "pk": 7,
  "fields": {
    "datetime": "2024-12-14T18:55:17.310Z",
    "prayer_request": 7,
    "content": "Lorem ipsum odor amet, consectetuer adipiscing elit. Non potenti pretium taciti cubilia bibendum. Proin vestibulum id odio non sociosqu inceptos turpis porttitor ex. Donec mattis pellentesque purus maximus convallis hac proin aptent congue. Quis quis molestie aliquam sagittis torquent fames sollicitudin id mus. Mattis quam nullam morbi sollicitudin integer metus quisque pellentesque. Aptent ad nisi interdum dui tristique suscipit. Pharetra elementum eros aliquet purus neque leo in suscipit quis. Diam hendrerit volutpat venenatis taciti cras senectus mauris praesent.\r\n\r\nPorta suspendisse congue interdum sollicitudin volutpat himenaeos. Tempor vel quam sollicitudin eu blandit laoreet imperdiet. Proin faucibus dui et proin molestie primis. Suscipit iaculis nec iaculis facilisi dictum efficitur libero dapibus feugiat. Himenaeos semper ut molestie dui; dis dolor pulvinar metus per. Est justo amet arcu ridiculus laoreet dignissim non. Cursus est orci vivamus sapien penatibus, torquent vestibulum class sagittis. Cubilia convallis cubilia suspendisse ligula efficitur curae tellus nascetur lacinia."
  }
},
{
  "model": "admin.logentry",
  "pk": 1,
  "fields": {
    "action_time": "2024-12-13T15:52:28.139Z",
    "user": 1,
    "content_type": 7,
    "object_id": "2",
    "object_repr": "testuser1",
    "action_flag": 1,
    "change_message": "[{\"added\": {}}]"
  }
},
{
  "model": "admin.logentry",
  "pk": 2,
  "fields": {
    "action_time": "2024-12-13T15:53:13.269Z",
    "user": 1,
    "content_type": 7,
    "object_id": "2",
    "object_repr": "testuser1",
    "action_flag": 2,
    "change_message": "[{\"changed\": {\"fields\": [\"First name\", \"Last name\", \"Email address\"]}}]"
  }
},
{
  "model": "admin.logentry",
  "pk": 3,
  "fields": {
    "action_time": "2024-12-13T15:53:32.459Z",
    "user": 1,
    "content_type": 7,
    "object_id": "3",
    "object_repr": "testuser2",
    "action_flag": 1,
    "change_message": "[{\"added\": {}}]"
  }
},
{
  "model": "admin.logentry",
  "pk": 4,
  "fields": {
    "action_time": "2024-12-13T15:53:50.221Z",
    "user": 1,
    "content_type": 7,
    "object_id": "3",
    "object_repr": "testuser2",
    "action_flag": 2,
    "change_message": "[{\"changed\": {\"fields\": [\"First name\", \"Last name\", \"Email address\"]}}]"
  }
},
{
  "model": "admin.logentry",
  "pk": 5,
  "fields": {
    "action_time": "2024-12-13T15:54:26.560Z",
    "user": 1,
    "content_type": 6,
    "object_id": "1",
    "object_repr": "Group 1",
    "action_flag": 1,
    "change_message": "[{\"added\": {}}]"
  }
},
{
  "model": "admin.logentry",
  "pk": 6,
  "fields": {
    "action_time": "2024-12-13T15:54:37.650Z",
    "user": 1,
    "content_type": 6,
    "object_id": "2",
    "object_repr": "Group 2",
    "action_flag": 1,
    "change_message": "[{\"added\": {}}]"
  }
},
{
  "model": "admin.logentry",
  "pk": 7,
  "fields": {
    "action_time": "2024-12-13T15:54:43.956Z",
    "user": 1,
    "content_type": 6,
    "object_id": "3",
    "object_repr": "Group 3",
    "action_flag": 1,
    "change_message": "[{\"added\": {}}]"
  }
},
{
  "model": "admin.logentry",
  "pk": 8,
  "fields": {
    "action_time": "2024-12-13T15:54:50.037Z",
    "user": 1,
    "content_type": 6,
    "object_id": "4",
    "object_repr": "Group 4",
    "action_flag": 1,
    "change_message": "[{\"added\": {}}]"
  }
},
{
  "model": "admin.logentry",
  "pk": 9,
  "fields": {
    "action_time": "2024-12-13T15:54:55.158Z",
    "user": 1,
    "content_type": 6,
    "object_id": "5",
    "object_repr": "Group 5",
    "action_flag": 1,
    "change_message": "[{\"added\": {}}]"
  }
},
{
  "model": "admin.logentry",
  "pk": 10,
  "fields": {
    "action_time": "2024-12-13T15:55:03.867Z",
    "user": 1,
    "content_type": 6,
    "object_id": "6",
    "object_repr": "Group 6",
    "action_flag": 1,
    "change_message": "[{\"added\": {}}]"
  }
},
{
  "model": "admin.logentry",
  "pk": 11,
  "fields": {
    "action_time": "2024-12-13T15:55:14.216Z",
    "user": 1,
    "content_type": 6,
    "object_id": "7",
    "object_repr": "Group 7",
    "action_flag": 1,
    "change_message": "[{\"added\": {}}]"
  }
},
{
  "model": "admin.logentry",
  "pk": 12,
  "fields": {
    "action_time": "2024-12-13T15:55:37.676Z",
    "user": 1,
    "content_type": 7,
    "object_id": "2",
    "object_repr": "testuser1",
    "action_flag": 2,
    "change_message": "[{\"changed\": {\"fields\": [\"Groups\"]}}]"
  }
},
{
  "model": "admin.logentry",
  "pk": 13,
  "fields": {
    "action_time": "2024-12-13T15:55:47.813Z",
    "user": 1,
    "content_type": 7,
    "object_id": "3",
    "object_repr": "testuser2",
    "action_flag": 2,
    "change_message": "[{\"changed\": {\"fields\": [\"Groups\"]}}]"
  }
},
{
  "model": "auth.permission",
  "pk": 1,
  "fields": {
    "name": "Can add prayer request",
    "content_type": 1,
    "codename": "add_prayerrequest"
  }
},
{
  "model": "auth.permission",
  "pk": 2,
  "fields": {
    "name": "Can change prayer request",
    "content_type": 1,
    "codename": "change_prayerrequest"
  }
},
{
  "model": "auth.permission",
  "pk": 3,
  "fields": {
    "name": "Can delete prayer request",
    "content_type": 1,
    "codename": "delete_prayerrequest"
  }
},
{
  "model": "auth.permission",
  "pk": 4,
  "fields": {
    "name": "Can view prayer request",
    "content_type": 1,
    "codename": "view_prayerrequest"
  }
},
{
  "model": "auth.permission",
  "pk": 5,
  "fields": {
    "name": "Can add group prayer manager",
    "content_type": 2,
    "codename": "add_groupprayermanager"
  }
},
{
  "model": "auth.permission",
  "pk": 6,
  "fields": {
    "name": "Can change group prayer manager",
    "content_type": 2,
    "codename": "change_groupprayermanager"
  }
},
{
  "model": "auth.permission",
  "pk": 7,
  "fields": {
    "name": "Can delete group prayer manager",
    "content_type": 2,
    "codename": "delete_groupprayermanager"
  }
},
{
  "model": "auth.permission",
  "pk": 8,
  "fields": {
    "name": "Can view group prayer manager",
    "content_type": 2,
    "codename": "view_groupprayermanager"
  }
},
{
  "model": "auth.permission",
  "pk": 9,
  "fields": {
    "name": "Can add answered prayer",
    "content_type": 3,
    "codename": "add_answeredprayer"
  }
},
{
  "model": "auth.permission",
  "pk": 10,
  "fields": {
    "name": "Can change answered prayer",
    "content_type": 3,
    "codename": "change_answeredprayer"
  }
},
{
  "model": "auth.permission",
  "pk": 11,
  "fields": {
    "name": "Can delete answered prayer",
    "content_type": 3,
    "codename": "delete_answeredprayer"
  }
},
{
  "model": "auth.permission",
  "pk": 12,
  "fields": {
    "name": "Can view answered prayer",
    "content_type": 3,
    "codename": "view_answeredprayer"
  }
},
{
  "model": "auth.permission",
  "pk": 13,
  "fields": {
    "name": "Can add log entry",
    "content_type": 4,
    "codename": "add_logentry"
  }
},
{
  "model": "auth.permission",
  "pk": 14,
  "fields": {
    "name": "Can change log entry",
    "content_type": 4,
    "codename": "change_logentry"
  }
},
{
  "model": "auth.permission",
  "pk": 15,
  "fields": {
    "name": "Can delete log entry",
    "content_type": 4,
    "codename": "delete_logentry"
  }
},
{
  "model": "auth.permission",
  "pk": 16,
  "fields": {
    "name": "Can view log entry",
    "content_type": 4,
    "codename": "view_logentry"
  }
},
{
  "model": "auth.permission",
  "pk": 17,
  "fields": {
    "name": "Can add permission",
    "content_type": 5,
    "codename": "add_permission"
  }
},
{
  "model": "auth.permission",
  "pk": 18,
  "fields": {
    "name": "Can change permission",
    "content_type": 5,
    "codename": "change_permission"
  }
},
{
  "model": "auth.permission",
  "pk": 19,
  "fields": {
    "name": "Can delete permission",
    "content_type": 5,
    "codename": "delete_permission"
  }
},
{
  "model": "auth.permission",
  "pk": 20,
  "fields": {
    "name": "Can view permission",
    "content_type": 5,
    "codename": "view_permission"
  }
},
{
  "model": "auth.permission",
  "pk": 21,
  "fields": {
    "name": "Can add group",
    "content_type": 6,
    "codename": "add_group"
  }
},
{
  "model": "auth.permission",
  "pk": 22,
  "fields": {
    "name": "Can change group",
    "content_type": 6,
    "codename": "change_group"
  }
},
{
  "model": "auth.permission",
  "pk": 23,
  "fields": {
    "name": "Can delete group",
    "content_type": 6,
    "codename": "delete_group"
  }
},
{
  "model": "auth.permission",
  "pk": 24,
  "fields": {
    "name": "Can view group",
    "content_type": 6,
    "codename": "view_group"
  }
},
{
  "model": "auth.permission",
  "pk": 25,
  "fields": {
    "name": "Can add user",
    "content_type": 7,
    "codename": "add_user"
  }
},
{
  "model": "auth.permission",
  "pk": 26,
  "fields": {
    "name": "Can change user",
    "content_type": 7,
    "codename": "change_user"
  }
},
{
  "model": "auth.permission",
  "pk": 27,
  "fields": {
    "name": "Can delete user",
    "content_type": 7,
    "codename": "delete_user"
  }
},
{
  "model": "auth.permission",
  "pk": 28,
  "fields": {
    "name": "Can view user",
    "content_type": 7,
    "codename": "view_user"
  }
},
{
  "model": "auth.permission",
  "pk": 29,
  "fields": {
    "name": "Can add content type",
    "content_type": 8,
    "codename": "add_contenttype"
  }
},
{
  "model": "auth.permission",
  "pk": 30,
  "fields": {
    "name": "Can change content type",
    "content_type": 8,
    "codename": "change_contenttype"
  }
},
{
  "model": "auth.permission",
  "pk": 31,
  "fields": {
    "name": "Can delete content type",
    "content_type": 8,
    "codename": "delete_contenttype"
  }
},
{
  "model": "auth.permission",
  "pk": 32,
  "fields": {
    "name": "Can view content type",
    "content_type": 8,
    "codename": "view_contenttype"
  }
},
{
  "model": "auth.permission",
  "pk": 33,
  "fields": {
    "name": "Can add session",
    "content_type": 9,
    "codename": "add_session"
  }
},
{
  "model": "auth.permission",
  "pk": 34,
  "fields": {
    "name": "Can change session",
    "content_type": 9,
    "codename": "change_session"
  }
},
{
  "model": "auth.permission",
  "pk": 35,
  "fields": {
    "name": "Can delete session",
    "content_type": 9,
    "codename": "delete_session"
  }
},
{
  "model": "auth.permission",
  "pk": 36,
  "fields": {
    "name": "Can view session",
    "content_type": 9,
    "codename": "view_session"
  }
},
{
  "model": "auth.group",
  "pk": 1,
  "fields": {
    "name": "Group 1",
    "permissions": []
  }
},
{
  "model": "auth.group",
  "pk": 2,
  "fields": {
    "name": "Group 2",
    "permissions": []
  }
},
{
  "model": "auth.group",
  "pk": 3,
  "fields": {
    "name": "Group 3",
    "permissions": []
  }
},
{
  "model": "auth.group",
  "pk": 4,
  "fields": {
    "name": "Group 4",
    "permissions": []
  }
},
{
  "model": "auth.group",
  "pk": 5,
  "fields": {
    "name": "Group 5",
    "permissions": []
  }
},
{
  "model": "auth.group",
  "pk": 6,
  "fields": {
    "name": "Group 6",
    "permissions": []
  }
},
{
  "model": "auth.group",
  "pk": 7,
  "fields": {
    "name": "Group 7",
    "permissions": []
  }
},
{
  "model": "auth.user",
  "pk": 1,
  "fields": {
    "password": "pbkdf2_sha256$870000$LOB9fRxHDOENFM5Z1ltB4K$TCd/lC8P9KogHltaPsEs1AM5AE+feT8rqS0MvFrf6OU=",
    "last_login": "2024-12-13T15:45:14.592Z",
    "is_superuser": true,
    "username": "admin",
    "first_name": "",
    "last_name": "",
    "email": "admin@email.com",
    "is_staff": true,
    "is_active": true,
    "date_joined": "2024-12-13T15:43:48.600Z",
    "groups": [],
    "user_permissions": []
  }
},
{
  "model": "auth.user",
  "pk": 2,
  "fields": {
    "password": "pbkdf2_sha256$870000$CD8Tu5Njm7G2FgzYkSPhLS$Cfy/E8HK8UoYDn/9Bvolb0GZoZRkHubP/9ZtPOzZ9g4=",
    "last_login": "2024-12-14T19:42:59.815Z",
    "is_superuser": false,
    "username": "testuser1",
    "first_name": "Test",
    "last_name": "User1",
    "email": "testuser1@email.com",
    "is_staff": false,
    "is_active": true,
    "date_joined": "2024-12-13T15:52:27Z",
    "groups": [
      1,
      2,
      3,
      4,
      5,
      6,
      7
    ],
    "user_permissions": []
  }
},
{
  "model": "auth.user",
  "pk": 3,
  "fields": {
    "password": "pbkdf2_sha256$870000$FHIltQXNk1HEGyiaYRO2SW$bnz1oEIGox9pwiGlVwK5q0QboEfs0omwMFv0CaxjbKE=",
    "last_login": "2024-12-14T18:37:53.776Z",
    "is_superuser": false,
    "username": "testuser2",
    "first_name": "Test",
    "last_name": "User2",
    "email": "testuser2@email.com",
    "is_staff": false,
    "is_active": true,
    "date_joined": "2024-12-13T15:53:32Z",
    "groups": [
      1
    ],
    "user_permissions": []
  }
},
{
  "model": "contenttypes.contenttype",
  "pk": 1,
  "fields": {
    "app_label": "app",
    "model": "prayerrequest"
  }
},
{
  "model": "contenttypes.contenttype",
  "pk": 2,
  "fields": {
    "app_label": "app",
    "model": "groupprayermanager"
  }
},
{
  "model": "contenttypes.contenttype",
  "pk": 3,
  "fields": {
    "app_label": "app",
    "model": "answeredprayer"
  }
},
{
  "model": "contenttypes.contenttype",
  "pk": 4,
  "fields": {
    "app_label": "admin",
    "model": "logentry"
  }
},
{
  "model": "contenttypes.contenttype",
  "pk": 5,
  "fields": {
    "app_label": "auth",
    "model": "permission"
  }
},
{
  "model": "contenttypes.contenttype",
  "pk": 6,
  "fields": {
    "app_label": "auth",
    "model": "group"
  }
},
{
  "model": "contenttypes.contenttype",
  "pk": 7,
  "fields": {
    "app_label": "auth",
    "model": "user"
  }
},
{
  "model": "contenttypes.contenttype",
  "pk": 8,
  "fields": {
    "app_label": "contenttypes",
    "model": "contenttype"
  }
},
{
  "model": "contenttypes.contenttype",
  "pk": 9,
  "fields": {
    "app_label": "sessions",
    "model": "session"
  }
},
{
  "model": "sessions.session",
  "pk": "jmgmj0cfqh1hgt8oc7fnv5hf0bnu5w4v",
  "fields": {
    "session_data": ".eJxVjMsOwiAQRf-FtSEILQ-X7vsNZJgZpGogKe3K-O_apAvd3nPOfYkI21ri1nmJM4mL0OL0uyXAB9cd0B3qrUlsdV3mJHdFHrTLqRE_r4f7d1Cgl29tvBrsCOgD2YwAZtQKfeasEQfnge1gg4eQMqOzoIjQUc7qnIwxnEC8P_3JOSg:1tM8hJ:pSDrclKuxeF9enoQYavcfvZPp6xMMYZq2xdcWlye9aA",
    "expire_date": "2024-12-27T16:39:25.953Z"
  }
},
{
  "model": "sessions.session",
  "pk": "o2by9n0b1zpgnouufwpnaum07r3on7eq",
  "fields": {
    "session_data": ".eJxVjMsOwiAQRf-FtSEILQ-X7vsNZJgZpGogKe3K-O_apAvd3nPOfYkI21ri1nmJM4mL0OL0uyXAB9cd0B3qrUlsdV3mJHdFHrTLqRE_r4f7d1Cgl29tvBrsCOgD2YwAZtQKfeasEQfnge1gg4eQMqOzoIjQUc7qnIwxnEC8P_3JOSg:1tM8mR:Yb_8BByu0yh5C2pDfUmaOmuCDMIGWAARmCkcZzgO9s4",
    "expire_date": "2024-12-27T16:44:43.810Z"
  }
},
{
  "model": "sessions.session",
  "pk": "trfh1sxqsgllkpee6hg0oedof6prhhel",
  "fields": {
    "session_data": ".eJxVjMsOwiAQRf-FtSEILQ-X7vsNZJgZpGogKe3K-O_apAvd3nPOfYkI21ri1nmJM4mL0OL0uyXAB9cd0B3qrUlsdV3mJHdFHrTLqRE_r4f7d1Cgl29tvBrsCOgD2YwAZtQKfeasEQfnge1gg4eQMqOzoIjQUc7qnIwxnEC8P_3JOSg:1tMX3D:Q8dWJD843S5wPmOtFRxuq_CTIWYf8qLkAIq-vC2tAGk",
    "expire_date": "2024-12-28T18:39:39.595Z"
  }
},
{
  "model": "sessions.session",
  "pk": "xirjmvu3i3xcncjpgugj6965697zk1wt",
  "fields": {
    "session_data": ".eJxVjMsOwiAQRf-FtSEILQ-X7vsNZJgZpGogKe3K-O_apAvd3nPOfYkI21ri1nmJM4mL0OL0uyXAB9cd0B3qrUlsdV3mJHdFHrTLqRE_r4f7d1Cgl29tvBrsCOgD2YwAZtQKfeasEQfnge1gg4eQMqOzoIjQUc7qnIwxnEC8P_3JOSg:1tMY2V:FYsS8rufuTheKsAg_KtUlhmqju4kXtbT1nytMV9OmHI",
    "expire_date": "2024-12-28T19:42:59.819Z"
  }
}
]
